house_of_sugar,rocket_,beach_music,dsu,trick,rules,easy,winner,race
Walk Away,Poison Root,Intro,After Ur Gone,Memory,Water,In My Blood,Hitting So Hard,Remember
Hope,Proud,Bug,Serpent is Lord,Forever,Come Back,Think ,Freedom,The Same
Southern Sky,County,Thorns,Harvey,Animals,Fighting,My Friend,Stop,TV
Gretel,Bobby,Kicker,Rejoyce,String,Wicked Boy,Buttercan,Talking,Gnaw
Taking,Witch,Salt,Black Hair,Advice,Candy,Big Problems,Blew,Trash
Near,Horse,Look Out,Skipper,People,Mis,"Oh, Okay",Big World,House
Project 2,Brick,Brite Boy,Axesteel,Whale,Master,,Dust,Crab
Bad Man,Sportstar,In Love,Sorru,Trick,New,,Math,Go Away
Sugar,Judge,Walk,Promise,Kute,Know Now,,Sometimes,Let it Go
In My Arms,Rocket,Mud,Icehead,So,Rules,,Get Happy,Things to Do
Cow,Powerful Man,Ready,Hollow,Mary,Message,,Explain,Time/Space
Crime,Alina,Station,Tripper,Change,Good,,,Cross Country
SugarHouse,Big Fish,Snot,Boy,Clouds,Sandy,,,Race
Fey,Guilty,,Soaker,Adam,,,,
,,,Waiting for You,Sarah,,,,
,,,,16 Mirrors,,,,
